show;stats_url;archive_url;status
A Complicated Profession;https://www.theincomparable.com/acp/stats.txt;https://www.theincomparable.com/acp/archive/;active
Agents of SMOOCH;https://www.theincomparable.com/smooch/stats.txt;https://www.theincomparable.com/smooch/archive/;active
Biff!;https://www.theincomparable.com/biff/stats.txt;https://www.theincomparable.com/biff/archive/;active
Defocused;https://www.theincomparable.com/defocused/stats.txt;https://www.theincomparable.com/defocused/archive/;active
Doctor Who Flashcast;https://www.theincomparable.com/dwf/stats.txt;https://www.theincomparable.com/dwf/archive/;active
Dragonmount: The Wheel of Time Podcast;https://www.theincomparable.com/dragonmount/stats.txt;https://www.theincomparable.com/dragonmount/archive/;active
Free the Squee;https://www.theincomparable.com/fts/stats.txt;https://www.theincomparable.com/fts/archive/;active
Game Show;https://www.theincomparable.com/gameshow/stats.txt;https://www.theincomparable.com/gameshow/archive/;active
Incomparable Radio Theater;https://www.theincomparable.com/radio/stats.txt;https://www.theincomparable.com/radio/archive/;active
Lazy Doctor Who;https://www.theincomparable.com/lazydoctorwho/stats.txt;https://www.theincomparable.com/lazydoctorwho/archive/;active
Lions, Towers & Shields;https://www.theincomparable.com/lts/stats.txt;https://www.theincomparable.com/lts/archive/;active
Magnum, podcast;https://www.theincomparable.com/magnum/stats.txt;https://www.theincomparable.com/magnum/archive/;active
NASA Vending Machine;https://www.theincomparable.com/nvm/stats.txt;https://www.theincomparable.com/nvm/archive/;active
Not Playing with Lex and Dan;https://www.theincomparable.com/notplaying/stats.txt;https://www.theincomparable.com/notplaying/archive/;active
Random Trek;https://www.theincomparable.com/randomtrek/stats.txt;https://www.theincomparable.com/randomtrek/archive/;active
Robot or Not?;https://www.theincomparable.com/robot/stats.txt;https://www.theincomparable.com/robot/archive/;active
Sophomore Lit;https://www.theincomparable.com/sophomorelit/stats.txt;https://www.theincomparable.com/sophomorelit/archive/;active
Sorkin' In It;https://www.theincomparable.com/sorkin/stats.txt;https://www.theincomparable.com/sorkin/archive/;active
The Cast of Us;https://www.theincomparable.com/tcou/stats.txt;https://www.theincomparable.com/tcou/archive/;active
The Incomparable Mothership;https://www.theincomparable.com/theincomparable/stats.txt;https://www.theincomparable.com/theincomparable/archive/;active
Total Party Kill;https://www.theincomparable.com/tpk/stats.txt;https://www.theincomparable.com/tpk/archive/;active
Vulcan Hello;https://www.theincomparable.com/vulcanhello/stats.txt;https://www.theincomparable.com/vulcanhello/archive/;active
We Contain Multitudes;https://www.theincomparable.com/multitudes/stats.txt;https://www.theincomparable.com/multitudes/archive/;active
A Legitimate Salvage;https://www.theincomparable.com/salvage/stats.txt;https://www.theincomparable.com/salvage/archive/;retired
Afoot;https://www.theincomparable.com/afoot/stats.txt;https://www.theincomparable.com/afoot/archive/;retired
Batman University;https://www.theincomparable.com/batmanuniversity/stats.txt;https://www.theincomparable.com/batmanuniversity/archive/;retired
Bear Left (Right Frog);https://www.theincomparable.com/muppets/stats.txt;https://www.theincomparable.com/muppets/archive/;retired
Beginner's Puck;https://www.theincomparable.com/puck/stats.txt;https://www.theincomparable.com/puck/archive/;retired
Bonus Track;https://www.theincomparable.com/bonustrack/stats.txt;https://www.theincomparable.com/bonustrack/archive/;retired
Cartoon Cast;https://www.theincomparable.com/cartooncast/stats.txt;https://www.theincomparable.com/cartooncast/archive/;retired
Chick Flick Fix;https://www.theincomparable.com/chickflickfix/stats.txt;https://www.theincomparable.com/chickflickfix/archive/;retired
Corner of the Sky;https://www.theincomparable.com/cots/stats.txt;https://www.theincomparable.com/cots/archive/;retired
Earp Chirp;https://www.theincomparable.com/earpchirp/stats.txt;https://www.theincomparable.com/earpchirp/archive/;retired
Football is Life;https://www.theincomparable.com/footballislife/stats.txt;https://www.theincomparable.com/footballislife/archive/;retired
Friends in Your Ears;https://www.theincomparable.com/fiye/stats.txt;https://www.theincomparable.com/fiye/archive/;retired
Greetings from the Uncanny Valley;https://www.theincomparable.com/westworld/stats.txt;https://www.theincomparable.com/westworld/archive/;retired
I Want My M(CU)TV;https://www.theincomparable.com/mcutv/stats.txt;https://www.theincomparable.com/mcutv/archive/;retired
Klickitcast;https://www.theincomparable.com/klickitcast/stats.txt;https://www.theincomparable.com/klickitcast/archive/;retired
Monty and Rhias vs. Movies;https://www.theincomparable.com/vs/stats.txt;https://www.theincomparable.com/vs/archive/;retired
Myke at the Movies;https://www.theincomparable.com/myke/stats.txt;https://www.theincomparable.com/myke/archive/;retired
Pants in the Boot;https://www.theincomparable.com/pants/stats.txt;https://www.theincomparable.com/pants/archive/;retired
Phil and Lisa Ruin the Movies;https://www.theincomparable.com/ruin/stats.txt;https://www.theincomparable.com/ruin/archive/;retired
Pod4Ham;https://www.theincomparable.com/pod4ham/stats.txt;https://www.theincomparable.com/pod4ham/archive/;retired
Recently Played;https://www.theincomparable.com/recentlyplayed/stats.txt;https://www.theincomparable.com/recentlyplayed/archive/;retired
Recently Read;https://www.theincomparable.com/recentlyread/stats.txt;https://www.theincomparable.com/recentlyread/archive/;retired
Saga of Rereading Epics;https://www.theincomparable.com/saga/stats.txt;https://www.theincomparable.com/saga/archive/;retired
SestraCast;https://www.theincomparable.com/sestracast/stats.txt;https://www.theincomparable.com/sestracast/archive/;retired
Somehow I Manage;https://www.theincomparable.com/sim/stats.txt;https://www.theincomparable.com/sim/archive/;retired
TV Talk Machine;https://www.theincomparable.com/tvtm/stats.txt;https://www.theincomparable.com/tvtm/archive/;retired
TeeVee;https://www.theincomparable.com/teevee/stats.txt;https://www.theincomparable.com/teevee/archive/;retired
The Ring Post;https://www.theincomparable.com/ringpost/stats.txt;https://www.theincomparable.com/ringpost/archive/;retired
The Three Hoarsemen;https://www.theincomparable.com/hoarse/stats.txt;https://www.theincomparable.com/hoarse/archive/;retired
The Villain Edit;https://www.theincomparable.com/villain/stats.txt;https://www.theincomparable.com/villain/archive/;retired
This Week in Time Travel;https://www.theincomparable.com/twitt/stats.txt;https://www.theincomparable.com/twitt/archive/;retired
Unjustly Maligned;https://www.theincomparable.com/ump/stats.txt;https://www.theincomparable.com/ump/archive/;retired
Voyager Revisited;https://www.theincomparable.com/voyager/stats.txt;https://www.theincomparable.com/voyager/archive/;retired
Watchers of the Plus;https://www.theincomparable.com/wotp/stats.txt;https://www.theincomparable.com/wotp/archive/;retired
Where or When;https://www.theincomparable.com/wow/stats.txt;https://www.theincomparable.com/wow/archive/;retired
